layer,node_id,is_persistent,layer_0_node_id,layer_1_node_id,layer_2_node_id,stable_count,unstable_count,total_docs,stability_ratio,word_overlap_rate,stable_top_words,unstable_top_words
Layer_0,0,TRUE,0,-1,-1,589,381,970,0.6072164948453608,0.8,"[('model', 1370), ('method', 1354), ('use', 883), ('propose', 727), ('numerical', 688), ('element', 659), ('problem', 649), ('finite', 576)]","[('present', 541), ('approach', 522)]"
Layer_1,1,TRUE,0,1,-1,231,65,296,0.7804054054054054,0.8,"[('element', 321), ('method', 147), ('formulation', 132), ('displacement', 87), ('finite', 85), ('function', 80), ('numerical', 78), ('use', 69)]","[('approximation', 79), ('shell', 67)]"
Layer_1,6,TRUE,0,6,-1,6,1,7,0.8571428571428571,0.8,"[('method', 15), ('mesh', 13), ('computation', 12), ('flow', 12), ('isogeometric', 9), ('discretization', 9), ('introduce', 7), ('nurbs', 6)]","[('turbine', 6), ('fsi', 6)]"
Layer_1,36,TRUE,0,36,-1,9,3,12,0.75,0.1,"[('particular', 3)]","[('complex', 3), ('herein', 3), ('evolution', 3), ('structure', 3), ('loading', 2), ('develop', 2), ('surrogate', 2), ('consider', 2), ('build', 2)]"
Layer_1,53,TRUE,0,53,-1,11,3,14,0.7857142857142857,0.5,"[('learning', 5), ('task', 5), ('deep', 4), ('detection', 4), ('generation', 3)]","[('design', 5), ('data', 4), ('process', 3), ('treatment', 3), ('introduce', 3)]"
Layer_1,81,TRUE,0,81,-1,20,17,37,0.5405405405405406,0.7,"[('model', 16), ('number', 15), ('covid', 14), ('new', 12), ('dynamic', 10), ('pandemic', 10), ('data', 9)]","[('disease', 7), ('strategy', 7), ('time', 7)]"
Layer_1,126,TRUE,0,126,-1,5,2,7,0.7142857142857143,0,[],"[('fiber', 9), ('strain', 8), ('matrix', 5), ('material', 5), ('inside', 4), ('direction', 3), ('principle', 2), ('assumption', 2), ('transfer', 2), ('suit', 1)]"
Layer_1,130,TRUE,0,130,-1,21,12,33,0.6363636363636364,0.6,"[('process', 32), ('residual', 19), ('manufacturing', 17), ('predict', 14), ('additive', 14), ('stress', 11)]","[('property', 9), ('model', 8), ('part', 8), ('simulation', 8)]"
Layer_1,141,TRUE,0,141,-1,6,6,12,0.5,0.3,"[('surface', 5), ('ability', 3), ('volume', 3)]","[('failure', 3), ('simulation', 3), ('interpolation', 2), ('inside', 2), ('cohesive', 2), ('shock', 2), ('error', 2)]"
Layer_1,298,TRUE,0,298,-1,22,4,26,0.8461538461538461,0.4,"[('mechanical', 12), ('microstructures', 8), ('phase', 6), ('stress', 5)]","[('transformation', 5), ('force', 5), ('region', 5), ('calculation', 4), ('phasefield', 4), ('transition', 4)]"
Layer_1,335,TRUE,0,335,-1,5,9,14,0.35714285714285715,0.7,"[('composite', 11), ('interface', 8), ('voxel', 4), ('crack', 4), ('fft', 3), ('cohesive', 3), ('frictional', 3)]","[('zone', 3), ('irregular', 3), ('behaviour', 3)]"
Layer_1,399,TRUE,0,399,-1,12,14,26,0.46153846153846156,0.8,"[('damage', 24), ('shear', 16), ('theory', 13), ('model', 13), ('strain', 12), ('gradient', 11), ('band', 9), ('plasticity', 8)]","[('crack', 7), ('depend', 6)]"
Layer_1,798,TRUE,0,798,-1,3,2,5,0.6,0.7,"[('element', 11), ('analytical', 6), ('displacement', 5), ('generalize', 5), ('mode', 5), ('modal', 4), ('derive', 3)]","[('develop', 2), ('coordinate', 2), ('construction', 2)]"
Layer_1,806,TRUE,0,806,-1,19,12,31,0.6129032258064516,0.6,"[('fracture', 33), ('field', 23), ('phase', 19), ('crack', 17), ('evolution', 11), ('damage', 10)]","[('model', 19), ('response', 10), ('mechanical', 8), ('elastic', 7)]"
Layer_1,859,TRUE,0,859,-1,6,4,10,0.6,0.6,"[('composite', 9), ('failure', 7), ('fiberreinforced', 4), ('strength', 4), ('fibre', 4), ('factor', 4)]","[('matrix', 4), ('distribution', 4), ('different', 3), ('behavior', 3)]"
Layer_1,902,TRUE,0,902,-1,10,0,10,1,0.3,"[('interphase', 3), ('add', 2), ('consistency', 2)]","[('paper', 3), ('investigation', 2), ('term', 2), ('inside', 1), ('iteration', 1), ('useful', 1), ('meshfree', 1)]"
Layer_1,1138,TRUE,0,1138,-1,7,3,10,0.7,0.2,"[('heterogeneity', 2), ('granular', 2)]","[('heterogeneous', 3), ('influence', 2), ('medium', 2), ('free', 1), ('respect', 1), ('parallel', 1), ('formulate', 1), ('discrete', 1)]"
Layer_1,1257,TRUE,0,1257,-1,6,2,8,0.75,0.4,"[('concentration', 5), ('diffusion', 5), ('growth', 5), ('system', 3)]","[('replace', 2), ('viscous', 2), ('successful', 2), ('drive', 2), ('mass', 2), ('open', 1)]"
Layer_1,1382,TRUE,0,1382,-1,6,6,12,0.5,0.7,"[('element', 11), ('shell', 8), ('thickness', 7), ('stress', 5), ('surface', 4), ('direction', 4), ('additional', 4)]","[('node', 4), ('strain', 4), ('solidshell', 4)]"
Layer_1,1962,TRUE,0,1962,-1,13,6,19,0.6842105263157895,0.6,"[('fluid', 8), ('wing', 5), ('mass', 5), ('conservation', 4), ('water', 4), ('momentum', 3)]","[('motion', 4), ('phase', 4), ('movement', 3), ('granular', 3)]"
Layer_1,2071,TRUE,0,2071,-1,21,5,26,0.8076923076923077,0.8,"[('material', 11), ('process', 9), ('step', 9), ('rubber', 8), ('lagrangian', 7), ('change', 7), ('thermomechanical', 5), ('phase', 5)]","[('mesh', 4), ('track', 4)]"
Layer_1,2572,TRUE,0,2572,-1,6,8,14,0.42857142857142855,0.7,"[('model', 20), ('heart', 14), ('couple', 11), ('cardiac', 8), ('effect', 7), ('drug', 7), ('human', 5)]","[('wave', 4), ('tissue', 4), ('system', 4)]"
Layer_1,2732,TRUE,0,2732,-1,4,0,4,1,0.6,"[('crystal', 3), ('inclusion', 3), ('error', 3), ('conservation', 2), ('location', 2), ('liquid', 1)]","[('verify', 2), ('computation', 2), ('different', 1), ('standard', 1)]"
Layer_1,4667,TRUE,0,4667,-1,10,3,13,0.7692307692307693,0.3,"[('viscoelastic', 6), ('damage', 4), ('shear', 2)]","[('stressstrain', 2), ('tissue', 2), ('cylindrical', 1), ('creep', 1), ('relationship', 1), ('reflect', 1), ('upon', 1)]"
Layer_1,4880,TRUE,0,4880,-1,16,10,26,0.6153846153846154,0.8,"[('system', 31), ('provide', 18), ('develop', 16), ('framework', 12), ('model', 10), ('multiple', 9), ('overall', 8), ('work', 8)]","[('base', 9), ('computational', 8)]"
Layer_1,6927,TRUE,0,6927,-1,3,8,11,0.2727272727272727,0.3,"[('sensitivity', 11), ('shape', 9), ('multiscale', 4)]","[('optimization', 6), ('design', 5), ('elastic', 3), ('fe', 3), ('macro', 3), ('scale', 3), ('microscopic', 3)]"
Layer_1,7159,TRUE,0,7159,-1,3,3,6,0.5,0,[],"[('decomposition', 5), ('plastic', 4), ('part', 4), ('write', 3), ('strain', 3), ('direction', 3), ('volumetric', 3), ('flow', 3), ('anisotropy', 2), ('important', 2)]"
Layer_1,7636,TRUE,0,7636,-1,4,3,7,0.5714285714285714,0.6,"[('point', 6), ('defect', 6), ('lattice', 5), ('geometrical', 4), ('identify', 3), ('structure', 3)]","[('method', 7), ('design', 3), ('predict', 2), ('fcm', 2)]"
Layer_1,10582,TRUE,0,10582,-1,9,2,11,0.8181818181818182,0.5,"[('change', 3), ('residual', 3), ('inherent', 3), ('modification', 2), ('contrast', 2)]","[('aspect', 2), ('consider', 2), ('vector', 2), ('evaluation', 2), ('validity', 2)]"
Layer_1,10610,TRUE,0,10610,-1,4,3,7,0.5714285714285714,0.5,"[('information', 6), ('source', 6), ('surrogate', 4), ('train', 3), ('hierarchical', 2)]","[('may', 2), ('able', 2), ('effectiveness', 2), ('objective', 1), ('graph', 1)]"
Layer_1,11699,TRUE,0,11699,-1,3,3,6,0.5,0.3,"[('incorporate', 4), ('microstructure', 4), ('twin', 4)]","[('subdomains', 3), ('crystal', 3), ('domain', 3), ('localization', 3), ('j', 3), ('behavior', 3), ('resolve', 3)]"
Layer_1,11722,TRUE,0,11722,-1,0,6,6,0,0,[],"[('shell', 10), ('stress', 8), ('element', 8), ('displacement', 4), ('warp', 4), ('boundary', 4), ('layer', 4), ('freedom', 3), ('shear', 3), ('thickness', 3)]"
Layer_1,12021,TRUE,0,12021,-1,0,3,3,0,0.5,"[('constraint', 4), ('mechanism', 4), ('flexible', 3), ('bar', 3), ('actuator', 3)]","[('structure', 4), ('lagrangian', 3), ('present', 3), ('total', 3), ('system', 2)]"
Layer_1,13340,TRUE,0,13340,-1,0,6,6,0,0.1,"[('quantify', 2)]","[('pgd', 3), ('heterogeneity', 2), ('reduced', 2), ('explicit', 2), ('uncertainty', 2), ('fracture', 2), ('global', 2), ('understanding', 2), ('apply', 2)]"
Layer_1,13510,TRUE,0,13510,-1,8,7,15,0.5333333333333333,0.7,"[('sve', 8), ('refinement', 7), ('mesh', 6), ('criterion', 4), ('discontinuity', 4), ('automatically', 4), ('particle', 3)]","[('error', 3), ('solution', 3), ('localized', 3)]"
Layer_1,13846,TRUE,0,13846,-1,2,5,7,0.2857142857142857,0.4,"[('equation', 7), ('flow', 3), ('global', 2), ('appear', 2)]","[('term', 4), ('matrix', 2), ('formulate', 2), ('set', 2), ('element', 2), ('approximate', 1)]"
Layer_1,14034,TRUE,0,14034,-1,0,8,8,0,1,"[('fsi', 8), ('part', 6), ('rkpm', 6), ('paper', 5), ('methodology', 4), ('discretizations', 4), ('air', 4), ('class', 4), ('solid', 4), ('iga', 4)]",[]
Layer_1,14075,TRUE,0,14075,-1,1,3,4,0.25,0,[],"[('moment', 5), ('weight', 4), ('generation', 4), ('cell', 3), ('methodology', 2), ('mesh', 2), ('fit', 2), ('simplify', 2), ('quadrature', 2), ('integration', 2)]"
Layer_1,14197,TRUE,0,14197,-1,10,2,12,0.8333333333333334,0.6,"[('polymer', 10), ('behavior', 6), ('deformation', 6), ('variable', 4), ('dynamic', 4), ('chain', 3)]","[('describe', 3), ('constitutive', 3), ('transient', 3), ('viscoelasticity', 2)]"
Layer_1,14466,TRUE,0,14466,-1,3,5,8,0.375,0.6,"[('mesh', 10), ('hexahedral', 6), ('tetrahedral', 5), ('structure', 5), ('mortar', 4), ('quadratic', 4)]","[('element', 5), ('fe', 4), ('discretization', 4), ('generation', 3)]"
Layer_1,14496,TRUE,0,14496,-1,9,3,12,0.75,0.5,"[('weight', 6), ('ann', 6), ('output', 5), ('desire', 3), ('poroelastic', 3)]","[('problem', 5), ('issue', 4), ('process', 3), ('select', 3), ('reduction', 3)]"
Layer_1,14884,TRUE,0,14884,-1,1,6,7,0.14285714285714285,0.4,"[('efficiency', 11), ('stiffness', 5), ('online', 5), ('identification', 4)]","[('computational', 5), ('procedure', 5), ('hyperreduction', 4), ('number', 4), ('reducedorder', 4), ('coefficient', 4)]"
Layer_1,14942,TRUE,0,14942,-1,2,10,12,0.16666666666666666,0.8,"[('method', 14), ('decomposition', 10), ('algorithm', 9), ('domain', 6), ('configuration', 6), ('new', 5), ('elasticplastic', 5), ('deformation', 4)]","[('propose', 4), ('conventional', 4)]"
Layer_1,15085,TRUE,0,15085,-1,8,2,10,0.8,0.4,"[('material', 8), ('design', 6), ('process', 6), ('need', 4)]","[('physical', 4), ('modeling', 4), ('comprehensive', 3), ('overall', 3), ('manufacturing', 3), ('recent', 3)]"
Layer_1,15479,TRUE,0,15479,-1,4,13,17,0.23529411764705882,0.8,"[('flow', 7), ('fluid', 7), ('smooth', 6), ('biofilm', 5), ('sph', 4), ('viscous', 4), ('particle', 4), ('smoothed', 4)]","[('hydrodynamics', 4), ('incompressible', 4)]"
Layer_1,15558,TRUE,0,15558,-1,1,9,10,0.1,0.3,"[('machine', 3), ('realtime', 3), ('heat', 2)]","[('tool', 4), ('geometry', 3), ('simulation', 3), ('well', 2), ('consist', 2), ('simplify', 2), ('highfidelity', 2)]"
Layer_1,16023,TRUE,0,16023,-1,3,4,7,0.42857142857142855,0.1,"[('principle', 4)]","[('boundary', 6), ('layer', 4), ('region', 4), ('minimization', 2), ('immerse', 2), ('stabilization', 2), ('background', 2), ('assess', 2), ('viscoplastic', 2)]"
Layer_1,16916,TRUE,0,16916,-1,1,3,4,0.25,0.1,"[('work', 2)]","[('shell', 6), ('element', 5), ('displacement', 4), ('simple', 3), ('formulation', 3), ('interpolation', 2), ('part', 1), ('principal', 1), ('author', 1)]"
Layer_1,17332,TRUE,0,17332,-1,4,6,10,0.4,0.4,"[('tensor', 4), ('interaction', 3), ('approximate', 2), ('virtual', 2)]","[('boundary', 3), ('grid', 2), ('calculation', 2), ('coarse', 2), ('expression', 1), ('maintain', 1)]"
Layer_1,17374,TRUE,0,17374,-1,3,4,7,0.42857142857142855,0.5,"[('time', 7), ('growth', 7), ('biofilm', 5), ('scale', 5), ('critical', 3)]","[('limit', 3), ('study', 3), ('measure', 2), ('size', 2), ('galerkin', 2)]"
Layer_1,17602,TRUE,0,17602,-1,7,9,16,0.4375,0.6,"[('surface', 13), ('peridynamic', 5), ('bulk', 4), ('theory', 3), ('correction', 3), ('vector', 2)]","[('basis', 4), ('elasticity', 3), ('series', 3), ('tangent', 2)]"
Layer_1,17774,TRUE,0,17774,-1,3,1,4,0.75,0.2,"[('contact', 3), ('tip', 2)]","[('twin', 5), ('make', 3), ('growth', 3), ('phasefield', 2), ('shear', 2), ('propagation', 2), ('fracture', 2), ('interaction', 2)]"
Layer_1,17903,TRUE,0,17903,-1,5,2,7,0.7142857142857143,0.7,"[('surface', 14), ('laser', 7), ('thermal', 6), ('powder', 6), ('pattern', 5), ('stress', 4), ('process', 4)]","[('beam', 3), ('layer', 3), ('manufacturing', 3)]"
Layer_1,17954,TRUE,0,17954,-1,4,4,8,0.5,0.2,"[('error', 3), ('correct', 2)]","[('make', 2), ('early', 2), ('publish', 2), ('fluctuation', 1), ('difficulty', 1), ('stage', 1), ('grade', 1), ('collocation', 1)]"
Layer_1,18004,TRUE,0,18004,-1,0,5,5,0,0.6,"[('imperfection', 5), ('defect', 4), ('inverse', 4), ('geometric', 4), ('multiple', 3), ('involve', 3)]","[('scheme', 4), ('tackle', 2), ('potential', 2), ('compressive', 2)]"
Layer_1,18044,TRUE,0,18044,-1,0,5,5,0,0,[],"[('case', 3), ('uncertainty', 3), ('body', 3), ('examine', 2), ('rigid', 2), ('graph', 2), ('human', 2), ('algorithm', 2), ('forward', 2), ('multibody', 2)]"
Layer_1,18186,TRUE,0,18186,-1,0,5,5,0,0.5,"[('droplet', 7), ('medium', 6), ('process', 5), ('spread', 5), ('impact', 3)]","[('print', 2), ('stage', 2), ('natural', 2), ('volume', 2), ('fraction', 2)]"
Layer_1,18495,TRUE,0,18495,-1,2,6,8,0.25,0.1,"[('first', 3)]","[('global', 5), ('wave', 3), ('mesh', 3), ('velocity', 3), ('geometry', 3), ('iga', 3), ('fundamental', 2), ('mathematical', 2), ('upon', 2)]"
Layer_1,18543,TRUE,0,18543,-1,2,3,5,0.4,0.8,"[('probability', 8), ('equation', 6), ('evolution', 6), ('density', 6), ('system', 6), ('stochastic', 5), ('galerkin', 5), ('scheme', 3)]","[('generalize', 3), ('obtain', 2)]"
Layer_1,18586,TRUE,0,18586,-1,0,5,5,0,0.5,"[('part', 10), ('build', 10), ('mechanic', 8), ('manufacturing', 6), ('additive', 6)]","[('predict', 8), ('process', 7), ('solid', 6), ('microstructure', 5), ('fluid', 5)]"
Layer_1,18709,TRUE,0,18709,-1,5,0,5,1,0.6,"[('composite', 5), ('filler', 5), ('process', 4), ('model', 4), ('polymer', 3), ('solver', 3)]","[('fiber', 2), ('rigid', 2), ('particle', 2), ('deformable', 2)]"
Layer_1,18926,TRUE,0,18926,-1,0,7,7,0,0,[],"[('engineering', 3), ('difficult', 2), ('contact', 2), ('resolution', 2), ('first', 2), ('high', 2), ('bulk', 2), ('feature', 1), ('extremely', 1), ('maximum', 1)]"
Layer_1,18983,TRUE,0,18983,-1,0,5,5,0,0,[],"[('nonlinear', 6), ('rve', 3), ('network', 3), ('electric', 3), ('neural', 3), ('surrogate', 2), ('calculation', 2), ('sheet', 2), ('multilevel', 2), ('magnitude', 1)]"
Layer_2,2,TRUE,0,1,2,8,0,8,1,0.4,"[('contact', 17), ('solution', 13), ('problem', 8), ('adhesive', 8)]","[('algorithm', 7), ('constraint', 4), ('minimization', 4), ('efficiently', 4), ('comparison', 4), ('rough', 4)]"
Layer_2,63,TRUE,0,1,63,5,0,5,1,0.8,"[('contact', 22), ('body', 11), ('interaction', 7), ('local', 7), ('rigid', 6), ('formulation', 6), ('together', 5), ('pointwise', 5)]","[('employ', 6), ('rotation', 5)]"
Layer_2,65,TRUE,0,1,65,5,0,5,1,0.5,"[('system', 16), ('linear', 12), ('matrix', 9), ('iterative', 7), ('solution', 7)]","[('preconditioner', 6), ('number', 5), ('finite', 5), ('equation', 4), ('solver', 4)]"
Layer_2,119,TRUE,0,1,119,5,4,9,0.5555555555555556,0.3,"[('fractional', 19), ('diffusion', 11), ('equation', 9)]","[('erosion', 13), ('interphase', 8), ('update', 8), ('damage', 8), ('mesh', 6), ('time', 6), ('particle', 6)]"
Layer_2,189,TRUE,0,1,189,6,1,7,0.8571428571428571,0.7,"[('contact', 18), ('particle', 15), ('shape', 14), ('dem', 10), ('force', 7), ('distance', 6), ('discrete', 5)]","[('surface', 5), ('spherical', 5), ('granular', 4)]"
Layer_2,231,TRUE,0,1,231,12,1,13,0.9230769230769231,0.4,"[('contact', 37), ('friction', 15), ('formulation', 12), ('law', 7)]","[('crack', 11), ('fracture', 8), ('frictional', 7), ('constraint', 6), ('account', 6), ('method', 6)]"
Layer_2,295,TRUE,0,1,295,6,0,6,1,0.9,"[('mesh', 24), ('element', 17), ('cisamr', 11), ('conform', 10), ('structure', 9), ('refinement', 7), ('node', 7), ('partition', 6), ('generation', 6)]","[('adaptive', 5)]"
Layer_2,447,TRUE,0,1,447,7,0,7,1,0.5,"[('beam', 17), ('shear', 14), ('transverse', 7), ('scheme', 6), ('theory', 5)]","[('plate', 7), ('stiffness', 5), ('homogenization', 5), ('kinematics', 5), ('size', 4)]"
Layer_2,501,TRUE,0,1,501,6,1,7,0.8571428571428571,0.7,"[('model', 25), ('peridynamic', 13), ('continuum', 13), ('nonlocal', 10), ('hybrid', 9), ('crack', 8), ('peridynamics', 6)]","[('wave', 6), ('dispersion', 6), ('domain', 6)]"
Layer_2,1038,TRUE,0,1,1038,5,0,5,1,0.4,"[('crack', 17), ('damage', 9), ('multiscale', 8), ('failure', 7)]","[('track', 5), ('microstructure', 4), ('path', 4), ('band', 4), ('discrete', 4), ('fatigue', 4)]"
Layer_2,1117,TRUE,0,1,1117,8,2,10,0.8,0.4,"[('function', 15), ('kernel', 11), ('reproduce', 10), ('rkpm', 9)]","[('meshfree', 19), ('order', 12), ('gradient', 10), ('propose', 8), ('particle', 7), ('finescale', 7)]"
Layer_2,1233,TRUE,0,1,1233,2,0,2,1,0.4,"[('boundary', 6), ('mixed', 4), ('fiber', 3), ('direction', 3)]","[('reinforce', 3), ('fix', 3), ('test', 3), ('positive', 2), ('instance', 2), ('laminate', 2)]"
Layer_2,1431,TRUE,0,1,1431,7,0,7,1,0.5,"[('contact', 42), ('mortar', 12), ('mesh', 6), ('beam', 6), ('isogeometric', 5)]","[('formulation', 9), ('use', 8), ('approach', 7), ('surface', 6), ('body', 5)]"
Layer_2,1719,TRUE,0,1,1719,3,2,5,0.6,0.6,"[('rod', 12), ('angle', 5), ('incremental', 5), ('crosssection', 4), ('make', 4), ('yield', 4)]","[('work', 5), ('interpolation', 4), ('stress', 3), ('cubic', 3)]"
Layer_2,2037,TRUE,0,1,2037,6,2,8,0.75,0.4,"[('strain', 12), ('anisotropic', 8), ('tensor', 6), ('energy', 5)]","[('yield', 6), ('stress', 6), ('function', 6), ('plastic', 5), ('isotropic', 5), ('hyperelasticity', 5)]"
Layer_2,2500,TRUE,0,1,2500,12,1,13,0.9230769230769231,0.7,"[('virtual', 20), ('vem', 16), ('work', 13), ('element', 12), ('consider', 11), ('part', 10), ('problem', 9)]","[('different', 8), ('nonlinear', 8), ('finite', 8)]"
Layer_2,2817,TRUE,0,1,2817,7,1,8,0.875,0.7,"[('beam', 17), ('rotation', 15), ('shell', 13), ('formulation', 13), ('scheme', 8), ('one', 8), ('vector', 7)]","[('strain', 9), ('structure', 6), ('geometrically', 5)]"
Layer_2,2903,TRUE,0,1,2903,12,4,16,0.75,0.7,"[('crack', 48), ('fracture', 18), ('mesh', 14), ('phasefield', 12), ('shell', 10), ('xfem', 9), ('tip', 8)]","[('element', 11), ('propagation', 11), ('simulate', 7)]"
Layer_2,3768,TRUE,0,1,3768,5,2,7,0.7142857142857143,0.5,"[('boundary', 13), ('lattice', 13), ('condition', 9), ('kernel', 6), ('simulation', 5)]","[('dynamic', 6), ('boltzmann', 5), ('absorb', 4), ('arbitrary', 4), ('domain', 3)]"
Layer_2,6486,TRUE,0,1,6486,2,0,2,1,0.6,"[('outofplane', 10), ('shell', 10), ('midsurface', 5), ('surface', 4), ('account', 4), ('also', 4)]","[('stress', 4), ('present', 4), ('normal', 4), ('deformation', 4)]"
Layer_2,7852,TRUE,0,1,7852,4,1,5,0.8,0.4,"[('mixed', 6), ('collocation', 6), ('heterogeneous', 5), ('homogeneous', 4)]","[('move', 5), ('interface', 4), ('meshless', 4), ('solve', 3), ('front', 3), ('elasticity', 3)]"
Layer_2,8052,TRUE,0,1,8052,6,1,7,0.8571428571428571,0.6,"[('matrix', 17), ('cell', 16), ('finite', 13), ('stiffness', 11), ('domain', 9), ('physical', 6)]","[('polynomial', 5), ('uncertainty', 4), ('fictitious', 4), ('expansion', 4)]"
Layer_2,11511,TRUE,0,1,11511,9,1,10,0.9,0.5,"[('error', 18), ('subdivision', 11), ('flow', 11), ('surface', 7), ('estimation', 7)]","[('computation', 10), ('analysis', 8), ('st', 7), ('mesh', 6), ('contact', 6)]"
Layer_2,14606,TRUE,0,1,14606,5,1,6,0.8333333333333334,0.5,"[('fold', 9), ('crack', 8), ('growth', 6), ('delamination', 5), ('al', 4)]","[('composite', 5), ('j', 4), ('et', 4), ('eng', 4), ('discontinuous', 4)]"
Layer_2,14851,TRUE,0,1,14851,3,0,3,1,0.3,"[('step', 4), ('micromorphic', 4), ('continuum', 2)]","[('shear', 3), ('x', 3), ('dynamic', 2), ('metamaterials', 2), ('nodal', 2), ('twodimensional', 2), ('length', 2)]"
Layer_2,15022,TRUE,0,1,15022,4,2,6,0.6666666666666666,0.7,"[('field', 13), ('interface', 11), ('phase', 11), ('crack', 10), ('fracture', 9), ('interfacial', 7), ('cohesive', 7)]","[('ductile', 7), ('function', 7), ('parameter', 7)]"
Layer_2,15175,TRUE,0,1,15175,6,1,7,0.8571428571428571,0.6,"[('fluid', 13), ('fracture', 12), ('pressure', 10), ('medium', 9), ('porous', 8), ('diffusion', 6)]","[('structure', 7), ('deformation', 6), ('couple', 6), ('flux', 5)]"
Layer_2,15563,TRUE,0,1,15563,3,1,4,0.75,0.4,"[('point', 7), ('integration', 6), ('quadrature', 4), ('rule', 4)]","[('require', 4), ('optimization', 3), ('element', 3), ('discretization', 3), ('moment', 2), ('special', 2)]"
Layer_2,15816,TRUE,0,1,15816,6,0,6,1,0.8,"[('boundary', 16), ('domain', 15), ('geometry', 9), ('polyhedron', 8), ('scale', 8), ('cell', 7), ('structure', 5), ('subdomain', 4)]","[('interior', 4), ('optimize', 4)]"
Layer_2,15848,TRUE,0,1,15848,3,1,4,0.75,0.5,"[('inclusion', 9), ('regularization', 5), ('integral', 5), ('data', 5), ('heat', 4)]","[('fiber', 9), ('stress', 8), ('orientation', 8), ('principal', 4), ('procedure', 3)]"
Layer_2,15965,TRUE,0,1,15965,8,1,9,0.8888888888888888,0.5,"[('wave', 9), ('domain', 9), ('acoustic', 8), ('frequency', 7), ('vem', 5)]","[('numerical', 6), ('match', 4), ('tire', 4), ('fem', 4), ('geometry', 3)]"
Layer_2,16624,TRUE,0,1,16624,5,2,7,0.7142857142857143,0.3,"[('meshfree', 12), ('particle', 12), ('scheme', 4)]","[('flow', 6), ('st', 5), ('nonlocal', 4), ('computation', 4), ('stvms', 4), ('ductile', 4), ('essential', 3)]"
Layer_2,17420,TRUE,0,1,17420,5,0,5,1,0.7,"[('pd', 7), ('fem', 7), ('diffusion', 7), ('problem', 6), ('cg', 5), ('flux', 4), ('potential', 4)]","[('interface', 5), ('discontinuous', 4), ('hybrid', 3)]"
Layer_2,17442,TRUE,0,1,17442,6,1,7,0.8571428571428571,0.6,"[('kernel', 15), ('formulation', 11), ('reproduce', 10), ('shock', 10), ('meshfree', 10), ('nodal', 8)]","[('integration', 8), ('matrix', 7), ('critical', 7), ('conform', 7)]"
Layer_2,17670,TRUE,0,1,17670,4,1,5,0.8,0.6,"[('strain', 9), ('crack', 7), ('track', 6), ('failure', 5), ('mixed', 4), ('metal', 3)]","[('experimental', 6), ('paper', 4), ('accuracy', 3), ('galerkin', 2)]"
Layer_2,17958,TRUE,0,1,17958,8,1,9,0.8888888888888888,0.3,"[('solid', 15), ('fiber', 11), ('beam', 8)]","[('fiberreinforced', 4), ('classical', 4), ('concept', 4), ('structure', 4), ('onedimensional', 4), ('hexahedral', 3), ('shell', 3)]"
Layer_2,18127,TRUE,0,1,18127,3,2,5,0.6,0.7,"[('derive', 6), ('hybrid', 5), ('new', 4), ('hexahedral', 4), ('discontinuous', 4), ('elasticity', 4), ('family', 4)]","[('implement', 3), ('lockingfree', 2), ('algebraic', 2)]"
Layer_2,18341,TRUE,0,1,18341,3,1,4,0.75,0.8,"[('random', 15), ('structure', 12), ('stochastic', 8), ('field', 8), ('irregular', 6), ('wall', 6), ('reliability', 5), ('dynamic', 4)]","[('diffusion', 8), ('temperature', 5)]"
Layer_2,18525,TRUE,0,1,18525,2,0,2,1,0.3,"[('system', 7), ('force', 5), ('contact', 4)]","[('algorithmic', 2), ('may', 2), ('slide', 2), ('multibody', 2), ('highly', 2), ('jacobian', 2), ('formula', 2)]"
Layer_2,18641,TRUE,0,1,18641,1,2,3,0.3333333333333333,0.1,"[('interface', 7)]","[('reduction', 11), ('contact', 5), ('reduce', 5), ('multiplier', 4), ('preserve', 4), ('lagrange', 4), ('internal', 4), ('dual', 4), ('linear', 3)]"
Layer_2,18724,TRUE,0,1,18724,0,2,2,0,0,[],"[('cell', 5), ('input', 5), ('wall', 5), ('strain', 4), ('ability', 4), ('boundary', 4), ('complicate', 3), ('viscoelasticity', 3), ('area', 2), ('break', 2)]"
Layer_2,18993,TRUE,0,1,18993,3,0,3,1,0.6,"[('wavelet', 8), ('plate', 7), ('support', 5), ('shear', 4), ('excellent', 3), ('theoretical', 3)]","[('exist', 3), ('x', 2), ('transverse', 2), ('integration', 2)]"
Layer_2,19084,TRUE,0,1,19084,2,1,3,0.6666666666666666,0.1,"[('discrete', 5)]","[('condition', 6), ('stability', 5), ('pod', 5), ('manifold', 4), ('interpolation', 4), ('rom', 4), ('map', 3), ('basis', 3), ('fem', 2)]"
Layer_2,19120,TRUE,0,1,19120,2,0,2,1,0.6,"[('warp', 4), ('dissipation', 4), ('solver', 4), ('make', 3), ('mode', 3), ('mechanism', 3)]","[('technique', 3), ('nonuniform', 2), ('equilibrium', 2), ('highly', 1)]"
Layer_2,19160,TRUE,0,1,19160,1,1,2,0.5,0.1,"[('void', 10)]","[('angle', 7), ('contact', 7), ('anisotropy', 6), ('phasefield', 3), ('influence', 2), ('application', 2), ('cause', 2), ('shape', 2), ('assembly', 2)]"
Layer_2,19179,FALSE,0,1,19179,0,4,4,0,,[],"[('time', 11), ('system', 6), ('balance', 5), ('integrator', 4), ('equation', 4), ('continuum', 4), ('discrete', 4), ('integration', 4), ('dynamical', 3), ('function', 3)]"
Layer_2,19246,FALSE,0,1,19246,0,3,3,0,,[],"[('deep', 8), ('network', 5), ('neural', 5), ('learning', 4), ('number', 3), ('procedure', 3), ('optimization', 3), ('kernel', 3), ('block', 3), ('minimum', 2)]"
Layer_2,19300,FALSE,0,1,19300,0,2,2,0,,[],"[('computation', 6), ('different', 5), ('turbine', 5), ('computational', 4), ('error', 4), ('st', 3), ('wake', 3), ('direction', 3), ('twopart', 3), ('article', 3)]"
Layer_2,19305,FALSE,0,1,19305,0,2,2,0,,[],"[('tire', 18), ('contact', 8), ('st', 7), ('flow', 6), ('road', 5), ('mesh', 4), ('computation', 4), ('geometry', 4), ('stsi', 4), ('sttc', 4)]"
Layer_2,19306,FALSE,0,1,19306,0,2,2,0,,[],"[('alternative', 3), ('discontinuity', 3), ('transient', 2), ('embed', 2), ('angle', 2), ('motion', 2), ('fe', 2), ('velocity', 2), ('modal', 2), ('solution', 2)]"
Layer_2,19309,FALSE,0,1,19309,0,3,3,0,,[],"[('gap', 10), ('wake', 5), ('interface', 4), ('frame', 4), ('treatment', 3), ('work', 3), ('embed', 2), ('flow', 2), ('solver', 2), ('special', 2)]"
Layer_2,19320,FALSE,0,1,19320,0,1,1,0,,[],"[('highorder', 3), ('transformation', 2), ('reference', 2), ('onedimensional', 2), ('case', 1), ('connect', 1), ('need', 1), ('respect', 1), ('effectiveness', 1), ('even', 1)]"
Layer_2,19333,FALSE,0,1,19333,0,2,2,0,,[],"[('mode', 7), ('modal', 5), ('solidshell', 3), ('structure', 3), ('frequency', 3), ('inplane', 2), ('since', 2), ('construct', 2), ('outofplane', 2), ('symmetric', 2)]"
Layer_2,19349,FALSE,0,1,19349,0,1,1,0,,[],"[('weight', 4), ('nitsches', 4), ('interface', 2), ('prescribe', 2), ('form', 2), ('attention', 1), ('jump', 1), ('focus', 1), ('et', 1), ('class', 1)]"
Layer_2,19016,TRUE,0,6,19016,6,0,6,1,0.6,"[('analysis', 17), ('computational', 9), ('thermofluid', 9), ('st', 8), ('disk', 7), ('porosity', 6)]","[('method', 6), ('heat', 4), ('spin', 4), ('flow', 4)]"
Layer_2,19312,FALSE,0,6,19312,0,1,1,0,,[],"[('strain', 5), ('film', 5), ('thin', 4), ('sense', 3), ('physical', 2), ('image', 2), ('morphology', 2), ('build', 1), ('significant', 1), ('derive', 1)]"
Layer_2,13252,TRUE,0,36,13252,2,1,3,0.6666666666666666,0.4,"[('topology', 4), ('optimization', 4), ('contact', 3), ('design', 2)]","[('membrane', 5), ('principal', 2), ('medium', 2), ('optimal', 2), ('regularization', 1), ('desire', 1)]"
Layer_2,17051,TRUE,0,36,17051,3,2,5,0.6,0.7,"[('cell', 14), ('process', 7), ('tissue', 7), ('within', 7), ('differentiation', 7), ('stiffness', 5), ('control', 5)]","[('mechanical', 4), ('complicate', 4), ('force', 4)]"
Layer_2,18143,TRUE,0,36,18143,4,0,4,1,0.8,"[('scheme', 11), ('time', 10), ('integration', 6), ('newmark', 5), ('linear', 5), ('secondorder', 4), ('stability', 4), ('oscillation', 4)]","[('accuracy', 6), ('one', 4)]"
Layer_2,1760,TRUE,0,53,1760,8,1,9,0.8888888888888888,0.7,"[('network', 14), ('prediction', 12), ('database', 11), ('learn', 10), ('train', 8), ('microscale', 7), ('generate', 6)]","[('data', 11), ('neural', 8), ('concrete', 6)]"
Layer_2,5662,TRUE,0,53,5662,3,2,5,0.6,0.5,"[('thermal', 12), ('structural', 10), ('vibration', 9), ('deformation', 9), ('metal', 6)]","[('mesh', 10), ('computation', 9), ('flow', 8), ('st', 7), ('turbine', 7)]"
Layer_2,3805,TRUE,0,81,3805,8,4,12,0.6666666666666666,0.6,"[('basis', 17), ('reduce', 13), ('error', 12), ('reduction', 11), ('decomposition', 9), ('snapshot', 8)]","[('stabilizer', 10), ('orthogonal', 7), ('bound', 7), ('proper', 7)]"
Layer_2,11507,TRUE,0,81,11507,5,0,5,1,0.5,"[('composite', 13), ('scale', 10), ('multiscale', 9), ('structural', 6), ('plate', 5)]","[('procedure', 7), ('structure', 7), ('concurrent', 6), ('datadriven', 5), ('analysis', 5)]"
Layer_2,18064,TRUE,0,81,18064,4,1,5,0.8,0.9,"[('algorithm', 8), ('mech', 7), ('deformation', 7), ('comput', 7), ('appl', 6), ('equation', 5), ('eng', 5), ('et', 5), ('memory', 5)]","[('al', 5)]"
Layer_2,18431,TRUE,0,81,18431,3,1,4,0.75,0.3,"[('flow', 5), ('field', 4), ('shape', 4)]","[('network', 4), ('make', 3), ('prediction', 3), ('feature', 3), ('particular', 2), ('impact', 2), ('pressure', 2)]"
Layer_2,18834,TRUE,0,81,18834,0,3,3,0,0,[],"[('viscosity', 4), ('explore', 3), ('active', 3), ('several', 2), ('stiffness', 2), ('denote', 2), ('shell', 2), ('variety', 2), ('sheet', 2), ('interest', 2)]"
Layer_2,19255,FALSE,0,81,19255,0,1,1,0,,[],"[('integration', 9), ('cell', 4), ('mortar', 2), ('point', 2), ('segment', 2), ('polynomial', 2), ('numerical', 2), ('increase', 2), ('quadrature', 2), ('quadrilateral', 2)]"
Layer_2,19278,FALSE,0,81,19278,0,4,4,0,,[],"[('orientation', 13), ('fiber', 13), ('pressure', 9), ('water', 8), ('state', 6), ('effective', 5), ('scheme', 4), ('velocity', 4), ('flow', 4), ('density', 4)]"
Layer_2,19339,FALSE,0,81,19339,0,1,1,0,,[],"[('particle', 4), ('produce', 2), ('far', 2), ('distribution', 2), ('central', 1), ('illustrate', 1), ('drag', 1), ('location', 1), ('range', 1), ('distance', 1)]"
Layer_2,19345,FALSE,0,81,19345,0,2,2,0,,[],"[('data', 9), ('deposition', 4), ('load', 4), ('stress', 3), ('train', 3), ('particle', 3), ('set', 3), ('transmission', 3), ('size', 2), ('flow', 2)]"
Layer_2,500,TRUE,0,126,500,5,2,7,0.7142857142857143,0.5,"[('flow', 31), ('fluid', 9), ('turbulent', 6), ('compressible', 6), ('agreement', 4)]","[('framework', 8), ('incompressible', 5), ('simulation', 5), ('present', 4), ('move', 4)]"
Layer_2,140,TRUE,0,130,140,5,2,7,0.7142857142857143,0.5,"[('grain', 9), ('laser', 9), ('heat', 6), ('formation', 5), ('crystal', 4)]","[('stress', 12), ('recover', 5), ('response', 4), ('affect', 4), ('system', 4)]"
Layer_2,13296,TRUE,0,130,13296,6,1,7,0.8571428571428571,0.8,"[('fsi', 14), ('mesh', 13), ('fluid', 12), ('move', 7), ('control', 6), ('partition', 5), ('interaction', 5), ('twodimensional', 4)]","[('use', 4), ('solve', 4)]"
Layer_2,14278,TRUE,0,130,14278,4,0,4,1,0.6,"[('thermal', 6), ('tool', 6), ('design', 6), ('module', 4), ('focus', 4), ('sensitivity', 3)]","[('global', 2), ('technique', 2), ('optimize', 2), ('pgd', 2)]"
Layer_2,14637,TRUE,0,130,14637,4,4,8,0.5,0.3,"[('magnetic', 16), ('constitutive', 7), ('material', 4)]","[('shell', 6), ('dependent', 5), ('layer', 5), ('temperature', 5), ('laminate', 5), ('ale', 5), ('damage', 5)]"
Layer_2,18967,TRUE,0,130,18967,1,1,2,0.5,0.4,"[('grain', 6), ('parallel', 3), ('efficiency', 3), ('nucleation', 2)]","[('diffusion', 4), ('load', 2), ('compact', 2), ('powder', 2), ('account', 2), ('particle', 2)]"
Layer_2,19089,TRUE,0,130,19089,1,3,4,0.25,0.1,"[('x', 2)]","[('bayesian', 4), ('network', 4), ('algorithms', 3), ('inverse', 3), ('posterior', 3), ('deep', 2), ('distribution', 2), ('high', 2), ('learn', 2)]"
Layer_2,19331,FALSE,0,130,19331,0,1,1,0,,[],"[('fem', 5), ('fatigue', 4), ('fft', 3), ('projection', 2), ('alternative', 2), ('cyclic', 2), ('eng', 2), ('et', 2), ('operator', 2), ('al', 2)]"
Layer_2,3931,TRUE,0,141,3931,4,3,7,0.5714285714285714,0.8,"[('phasefield', 17), ('fracture', 13), ('model', 7), ('crack', 7), ('length', 6), ('scale', 6), ('parameter', 5), ('summarize', 3)]","[('gradient', 3), ('mechanic', 3)]"
Layer_2,18962,TRUE,0,141,18962,2,0,2,1,0.4,"[('surface', 15), ('property', 4), ('bend', 3), ('inhomogeneity', 3)]","[('effect', 4), ('consideration', 2), ('equivalent', 2), ('like', 2), ('soft', 2), ('tension', 2)]"
Layer_2,19298,FALSE,0,141,19298,0,2,2,0,,[],"[('rotate', 6), ('nonlinear', 5), ('frequency', 5), ('analysis', 4), ('vibration', 3), ('force', 3), ('static', 2), ('core', 2), ('angle', 2), ('modulus', 2)]"
Layer_2,19341,FALSE,0,141,19341,0,1,1,0,,[],"[('viscoplastic', 5), ('strain', 4), ('case', 3), ('principle', 3), ('rate', 3), ('manner', 2), ('recover', 2), ('viscosity', 2), ('integration', 2), ('zero', 2)]"
Layer_2,744,TRUE,0,298,744,2,1,3,0.6666666666666666,0.4,"[('identification', 7), ('structural', 5), ('response', 4), ('input', 4)]","[('signal', 4), ('adopt', 4), ('frame', 2), ('towards', 2), ('modal', 2), ('excitation', 2)]"
Layer_2,785,TRUE,0,298,785,8,1,9,0.8888888888888888,0.7,"[('fracture', 14), ('damage', 13), ('load', 6), ('crack', 6), ('specimen', 5), ('failure', 5), ('fatigue', 5)]","[('strain', 8), ('numerical', 6), ('alloy', 5)]"
Layer_2,11530,TRUE,0,298,11530,6,1,7,0.8571428571428571,0.7,"[('reduce', 11), ('field', 9), ('macroscopic', 9), ('microstructural', 8), ('phase', 6), ('microstructure', 6), ('volume', 5)]","[('order', 5), ('extract', 4), ('fluctuation', 4)]"
Layer_2,18148,TRUE,0,298,18148,2,1,3,0.6666666666666666,0.2,"[('approach', 8), ('datadriven', 4)]","[('shell', 6), ('laminate', 5), ('damage', 5), ('elastoplastic', 4), ('asymmetric', 3), ('kirchhofflove', 3), ('isotropic', 3), ('composite', 3)]"
Layer_2,18822,TRUE,0,298,18822,4,0,4,1,0.7,"[('field', 13), ('strain', 10), ('virtual', 10), ('parameter', 9), ('data', 9), ('identification', 6), ('test', 5)]","[('fullfield', 4), ('quantify', 3), ('determination', 3)]"
Layer_2,3937,TRUE,0,335,3937,3,4,7,0.42857142857142855,0.5,"[('contact', 16), ('inhomogeneity', 11), ('algorithm', 8), ('surface', 7), ('direction', 7)]","[('state', 5), ('fft', 4), ('influence', 4), ('distribution', 4), ('length', 4)]"
Layer_2,19056,TRUE,0,335,19056,1,2,3,0.3333333333333333,0.2,"[('void', 7), ('pressure', 5)]","[('zss', 8), ('design', 6), ('discretization', 6), ('computation', 4), ('initial', 4), ('guess', 4), ('shape', 3), ('geometry', 3)]"
Layer_2,19092,TRUE,0,335,19092,1,1,2,0.5,0.3,"[('parameter', 7), ('sensitivity', 5), ('failure', 3)]","[('material', 4), ('framework', 3), ('bayesian', 2), ('response', 2), ('estimation', 2), ('fracture', 2), ('value', 2)]"
Layer_2,19326,FALSE,0,335,19326,0,1,1,0,,[],"[('sensitivity', 6), ('parameter', 5), ('transverse', 5), ('fiber', 5), ('geometrical', 4), ('failure', 4), ('respect', 4), ('individual', 3), ('radius', 3), ('laminate', 3)]"
Layer_2,19350,FALSE,0,335,19350,0,1,1,0,,[],"[('kinematics', 4), ('theory', 3), ('structure', 3), ('kinematic', 2), ('compact', 2), ('analysis', 2), ('phenomenon', 2), ('crosssection', 1), ('independent', 1), ('onedimensional', 1)]"
Layer_2,15713,TRUE,0,399,15713,4,5,9,0.4444444444444444,0.2,"[('cut', 9), ('process', 6)]","[('formation', 4), ('industrial', 3), ('contact', 3), ('particle', 3), ('mesh', 2), ('practical', 2), ('metal', 2), ('detection', 2)]"
Layer_2,18520,TRUE,0,399,18520,2,1,3,0.6666666666666666,0.5,"[('lattice', 9), ('elastic', 8), ('crystal', 6), ('anisotropy', 4), ('cubic', 4)]","[('stress', 9), ('different', 4), ('tensor', 4), ('instability', 3), ('si', 3)]"
Layer_2,18713,TRUE,0,399,18713,3,0,3,1,0.8,"[('heat', 7), ('thermal', 6), ('yield', 5), ('time', 5), ('rate', 5), ('harden', 3), ('conductivity', 3), ('formula', 3)]","[('aspect', 3), ('step', 3)]"
Layer_2,19003,TRUE,0,399,19003,3,1,4,0.75,0.5,"[('function', 11), ('set', 8), ('constraint', 6), ('criterion', 6), ('move', 4)]","[('optimization', 4), ('condition', 3), ('approximate', 3), ('topology', 3), ('method', 3)]"
Layer_2,19290,FALSE,0,399,19290,0,3,3,0,,[],"[('interface', 14), ('theory', 4), ('elastic', 4), ('elasticity', 4), ('classical', 3), ('cohesive', 3), ('lack', 2), ('deal', 2), ('stretch', 2), ('degradation', 2)]"
Layer_2,19317,FALSE,0,399,19317,0,2,2,0,,[],"[('force', 5), ('overlap', 3), ('parameter', 3), ('convergence', 3), ('edge', 3), ('along', 3), ('subdomain', 3), ('implement', 2), ('could', 2), ('moreover', 2)]"
Layer_2,19342,FALSE,0,399,19342,0,1,1,0,,[],"[('rate', 5), ('dislocation', 4), ('sample', 2), ('control', 2), ('dependent', 2), ('drag', 2), ('limit', 2), ('data', 2), ('formalism', 1), ('mechanism', 1)]"
Layer_2,19344,FALSE,0,399,19344,0,1,1,0,,[],"[('mesoscopic', 10), ('simulation', 8), ('flow', 7), ('blood', 6), ('process', 4), ('dynamic', 3), ('temporal', 2), ('network', 2), ('error', 2), ('acceleration', 2)]"
Layer_2,16312,TRUE,0,798,16312,3,1,4,0.75,0.5,"[('beam', 8), ('nonlocal', 4), ('bend', 4), ('theory', 4), ('medium', 3)]","[('representation', 8), ('core', 5), ('motion', 4), ('flow', 4), ('static', 3)]"
Layer_2,19148,TRUE,0,798,19148,0,1,1,0,0,[],"[('displacement', 0), ('make', 0), ('avoid', 0), ('assume', 0), ('frame', 0), ('construct', 0), ('polynomial', 0), ('modal', 0), ('local', 0), ('frequency', 0)]"
Layer_2,5098,TRUE,0,806,5098,11,2,13,0.8461538461538461,0.6,"[('homogenization', 18), ('macroscopic', 13), ('fe', 12), ('material', 11), ('scale', 11), ('microscopic', 9)]","[('computational', 8), ('microscale', 7), ('micro', 6), ('heterogeneous', 6)]"
Layer_2,18323,TRUE,0,806,18323,6,3,9,0.6666666666666666,0.4,"[('model', 19), ('equation', 16), ('differential', 9), ('partial', 7)]","[('tire', 15), ('mesh', 8), ('st', 8), ('contact', 7), ('solution', 7), ('geometry', 6)]"
Layer_2,18838,TRUE,0,806,18838,2,1,3,0.6666666666666666,0.4,"[('ductile', 8), ('plastic', 5), ('strain', 4), ('toughness', 3)]","[('operator', 2), ('coalescence', 1), ('quantitative', 1), ('finite', 1), ('carry', 1), ('metric', 1)]"
Layer_2,19087,TRUE,0,806,19087,0,3,3,0,0,[],"[('growth', 5), ('cell', 4), ('inverse', 4), ('traction', 4), ('constraint', 2), ('experimentally', 2), ('force', 2), ('regularization', 2), ('optimal', 2), ('sense', 2)]"
Layer_2,19299,FALSE,0,806,19299,0,1,1,0,,[],"[('phasefield', 2), ('residual', 2), ('error', 2), ('fracture', 2), ('goal', 2), ('discretization', 2), ('regularization', 1), ('strong', 1), ('specifically', 1), ('study', 1)]"
Layer_2,19335,FALSE,0,806,19335,0,2,2,0,,[],"[('homogenization', 6), ('transient', 4), ('basis', 3), ('steadystate', 3), ('multiplicative', 3), ('peridynamics', 2), ('elastoplasticity', 2), ('impact', 2), ('damage', 2), ('pressure', 2)]"
Layer_2,2466,TRUE,0,859,2466,6,1,7,0.8571428571428571,0.7,"[('crack', 23), ('anisotropic', 20), ('fracture', 17), ('material', 10), ('energy', 9), ('phasefield', 7), ('toughness', 6)]","[('anisotropy', 4), ('local', 4), ('propagation', 4)]"
Layer_2,19296,FALSE,0,859,19296,0,2,2,0,,[],"[('mesh', 11), ('move', 6), ('computation', 4), ('motion', 4), ('version', 3), ('accumulate', 3), ('distortion', 3), ('test', 3), ('way', 3), ('step', 2)]"
Layer_2,19347,FALSE,0,859,19347,0,1,1,0,,[],"[('nonlocal', 6), ('material', 4), ('local', 4), ('pd', 3), ('compression', 3), ('behavior', 3), ('suggest', 2), ('continuum', 2), ('critical', 2), ('solution', 2)]"
Layer_2,3793,TRUE,0,902,3793,6,0,6,1,0.5,"[('cluster', 18), ('analysis', 7), ('matrix', 6), ('reduce', 6), ('composite', 6)]","[('property', 7), ('order', 7), ('et', 5), ('minimum', 5), ('complementary', 5)]"
Layer_2,18438,TRUE,0,902,18438,4,0,4,1,0.4,"[('contact', 14), ('body', 8), ('medium', 5), ('penalty', 4)]","[('third', 4), ('nonsmooth', 4), ('regularization', 3), ('velocity', 3), ('avoid', 3), ('mass', 3)]"
Layer_2,1587,TRUE,0,1138,1587,5,1,6,0.8333333333333334,0.5,"[('reducedorder', 6), ('rom', 6), ('multilevel', 6), ('displacement', 5), ('stochastic', 5)]","[('mode', 6), ('three', 5), ('acoustic', 5), ('structure', 5), ('band', 5)]"
Layer_2,18089,TRUE,0,1138,18089,2,0,2,1,0.6,"[('lr', 11), ('nurbs', 9), ('refinement', 7), ('local', 6), ('surface', 5), ('bsplines', 3)]","[('focus', 2), ('issue', 2), ('geometrical', 2), ('feature', 2)]"
Layer_2,19303,FALSE,0,1138,19303,0,1,1,0,,[],"[('beam', 8), ('appl', 3), ('mech', 3), ('eng', 3), ('novel', 3), ('comput', 3), ('et', 2), ('dimensional', 2), ('al', 2), ('elasticity', 2)]"
Layer_2,19324,FALSE,0,1138,19324,0,1,1,0,,[],"[('random', 5), ('field', 5), ('imperfection', 5), ('structure', 5), ('geometrical', 3), ('shape', 2), ('combine', 2), ('stochastic', 2), ('stability', 2), ('length', 2)]"
Layer_2,8803,TRUE,0,1257,8803,6,1,7,0.8571428571428571,0.5,"[('crystal', 11), ('orientation', 7), ('polycrystalline', 6), ('solver', 5), ('spectral', 4)]","[('instability', 5), ('implementation', 4), ('stochastic', 4), ('perform', 4), ('plasticity', 4)]"
Layer_2,19319,FALSE,0,1257,19319,0,1,1,0,,[],"[('bem', 3), ('geometrically', 1), ('threedimensional', 1), ('far', 1), ('major', 1), ('element', 1), ('acceleration', 1), ('method', 0), ('however', 0), ('numerical', 0)]"
Layer_2,3333,TRUE,0,1382,3333,6,0,6,1,0.8,"[('fiber', 21), ('volume', 13), ('composite', 10), ('distribution', 9), ('algorithm', 8), ('microstructure', 7), ('fraction', 7), ('failure', 6)]","[('dispersion', 6), ('loading', 5)]"
Layer_2,19186,FALSE,0,1382,19186,0,3,3,0,,[],"[('data', 22), ('compression', 10), ('storage', 4), ('error', 4), ('reconstruct', 3), ('achieve', 3), ('wavelet', 3), ('one', 3), ('preserve', 3), ('additive', 2)]"
Layer_2,19257,FALSE,0,1382,19257,0,3,3,0,,[],"[('stress', 8), ('incremental', 3), ('herein', 3), ('body', 3), ('damage', 3), ('reduction', 3), ('cycle', 3), ('state', 2), ('current', 2), ('external', 2)]"
Layer_2,6642,TRUE,0,1962,6642,6,3,9,0.6666666666666666,0.6,"[('datadriven', 14), ('data', 11), ('manifold', 9), ('constitutive', 8), ('material', 8), ('database', 6)]","[('set', 5), ('space', 5), ('mechanic', 5), ('sample', 5)]"
Layer_2,12966,TRUE,0,1962,12966,5,1,6,0.8333333333333334,0.4,"[('material', 18), ('data', 12), ('approach', 9), ('cubic', 7)]","[('crack', 11), ('lattice', 9), ('fatigue', 8), ('strain', 6), ('constitutive', 6), ('law', 6)]"
Layer_2,19085,TRUE,0,1962,19085,2,0,2,1,0.6,"[('temperature', 7), ('tissue', 6), ('heat', 4), ('damage', 4), ('microscale', 2), ('along', 2)]","[('energy', 3), ('effect', 3), ('water', 2), ('increase', 2)]"
Layer_2,19211,FALSE,0,1962,19211,0,2,2,0,,[],"[('interface', 6), ('orthotropic', 5), ('adhesive', 4), ('contact', 3), ('effect', 3), ('bond', 2), ('description', 2), ('model', 2), ('body', 2), ('tangential', 2)]"
Layer_2,2136,TRUE,0,2071,2136,12,3,15,0.8,0.7,"[('material', 26), ('microstructure', 22), ('stochastic', 21), ('random', 13), ('microstructures', 11), ('macroscopic', 11), ('heterogeneous', 10)]","[('nonlocal', 16), ('operator', 13), ('differential', 9)]"
Layer_2,9875,TRUE,0,2071,9875,5,1,6,0.8333333333333334,0.5,"[('material', 16), ('design', 14), ('optimization', 12), ('topology', 11), ('lattice', 7)]","[('structural', 10), ('optimal', 7), ('multiscale', 5), ('result', 5), ('solution', 5)]"
Layer_2,18409,TRUE,0,2071,18409,3,0,3,1,0.8,"[('macroscopic', 6), ('appl', 4), ('rve', 4), ('mech', 4), ('eng', 4), ('et', 4), ('al', 4), ('comput', 4)]","[('software', 3), ('generation', 3)]"
Layer_2,18706,TRUE,0,2071,18706,1,1,2,0.5,0.2,"[('variable', 3), ('state', 3)]","[('phasefield', 6), ('crack', 6), ('mesh', 5), ('fcm', 3), ('geometry', 3), ('refinement', 3), ('implementation', 2), ('overcome', 2)]"
Layer_2,14793,TRUE,0,2572,14793,6,4,10,0.6,0.8,"[('response', 12), ('uncertainty', 7), ('function', 7), ('structural', 6), ('frequency', 6), ('physical', 5), ('uncertain', 5), ('temperature', 5)]","[('parameter', 6), ('structure', 5)]"
Layer_2,19204,FALSE,0,2572,19204,0,4,4,0,,[],"[('flow', 14), ('wave', 7), ('propagation', 7), ('spectral', 6), ('mesh', 5), ('st', 5), ('joint', 5), ('representation', 5), ('cell', 4), ('code', 4)]"
Layer_2,17482,TRUE,0,2732,17482,4,0,4,1,0.9,"[('mass', 18), ('order', 13), ('matrix', 12), ('wave', 10), ('formulation', 10), ('superconvergent', 8), ('three', 7), ('dimensional', 7), ('high', 6)]","[('frequency', 6)]"
Layer_2,8855,TRUE,0,4667,8855,2,1,3,0.6666666666666666,0.4,"[('mesh', 5), ('scheme', 4), ('standard', 3), ('dual', 3)]","[('use', 7), ('macroscale', 5), ('anisotropic', 4), ('mesoscale', 3), ('widely', 2), ('algorithm', 2)]"
Layer_2,15438,TRUE,0,4667,15438,3,1,4,0.75,0.6,"[('crack', 24), ('fracture', 10), ('surface', 5), ('split', 5), ('compare', 4), ('two', 4)]","[('process', 4), ('energy', 4), ('thermal', 3), ('framework', 3)]"
Layer_2,18985,TRUE,0,4667,18985,5,1,6,0.8333333333333334,0.7,"[('gradient', 14), ('kernel', 10), ('reproduce', 8), ('meshfree', 8), ('smooth', 7), ('order', 7), ('function', 6)]","[('derivative', 8), ('approximation', 7), ('problem', 6)]"
Layer_2,5884,TRUE,0,4880,5884,4,0,4,1,0.5,"[('particle', 12), ('interaction', 7), ('force', 5), ('liquid', 5), ('framework', 5)]","[('contact', 4), ('molecular', 3), ('multiphase', 3), ('angle', 3), ('fluid', 3)]"
Layer_2,10111,TRUE,0,4880,10111,4,3,7,0.5714285714285714,0.3,"[('spacetime', 15), ('enrichment', 6), ('matrix', 5)]","[('algorithm', 6), ('demonstrate', 5), ('implementation', 4), ('product', 4), ('solver', 4), ('fem', 4), ('vector', 4)]"
Layer_2,18059,TRUE,0,4880,18059,2,0,2,1,0.3,"[('population', 5), ('infection', 5), ('important', 2)]","[('spread', 3), ('consider', 2), ('disease', 2), ('variant', 2), ('high', 2), ('play', 1), ('direct', 1)]"
Layer_2,18606,TRUE,0,4880,18606,2,0,2,1,0.3,"[('release', 6), ('field', 4), ('material', 3)]","[('guide', 2), ('process', 2), ('control', 2), ('desire', 2), ('comprise', 2), ('specifically', 2), ('motivate', 2)]"
Layer_2,18790,TRUE,0,4880,18790,2,2,4,0.5,0.5,"[('smooth', 12), ('mesh', 4), ('type', 3), ('quality', 3), ('optimal', 2)]","[('macroscopic', 3), ('free', 2), ('overall', 2), ('contact', 2), ('penalty', 2)]"
Layer_2,18802,TRUE,0,4880,18802,2,1,3,0.6666666666666666,0.4,"[('device', 6), ('energy', 6), ('specific', 4), ('storage', 3)]","[('time', 9), ('integrator', 6), ('explicit', 4), ('contact', 3), ('scale', 3), ('computational', 2)]"
Layer_2,18971,TRUE,0,4880,18971,0,3,3,0,0,[],"[('much', 2), ('idea', 2), ('enhancement', 1), ('counterpart', 1), ('extension', 1), ('firstorder', 1), ('appropriate', 1), ('polymer', 1), ('technique', 1), ('assessment', 1)]"
Layer_2,19313,FALSE,0,4880,19313,0,1,1,0,,[],"[('surface', 5), ('free', 4), ('level', 4), ('interface', 3), ('phase', 3), ('flow', 3), ('fluid', 3), ('et', 2), ('water', 2), ('al', 2)]"
Layer_2,11203,TRUE,0,6927,11203,2,3,5,0.4,0.2,"[('integral', 9), ('line', 7)]","[('boundary', 8), ('calculate', 3), ('nearly', 3), ('singular', 2), ('create', 2), ('singularity', 2), ('exist', 2), ('overcome', 2)]"
Layer_2,17170,TRUE,0,6927,17170,1,2,3,0.3333333333333333,0,[],"[('solid', 8), ('beam', 5), ('part', 4), ('crosssection', 3), ('warp', 3), ('stress', 3), ('transition', 3), ('crosssectional', 2), ('spurious', 2), ('assumption', 2)]"
Layer_2,19315,FALSE,0,6927,19315,0,2,2,0,,[],"[('nodal', 4), ('fe', 3), ('position', 3), ('design', 3), ('objective', 2), ('iteration', 2), ('spatial', 2), ('form', 2), ('inverse', 2), ('compute', 2)]"
Layer_2,19351,FALSE,0,6927,19351,0,1,1,0,,[],"[('stiffness', 3), ('conductivity', 3), ('phase', 3), ('effective', 3), ('design', 3), ('bound', 2), ('weight', 2), ('constituent', 2), ('thermal', 2), ('topology', 2)]"
Layer_2,18317,TRUE,0,7159,18317,2,0,2,1,0.3,"[('multiscale', 6), ('macroscale', 4), ('response', 2)]","[('effective', 3), ('largescale', 3), ('microscale', 3), ('granular', 3), ('alloy', 2), ('cast', 2), ('compression', 2)]"
Layer_2,18978,TRUE,0,7159,18978,1,1,2,0.5,0.5,"[('thermomechanical', 5), ('scale', 5), ('macroscopic', 4), ('framework', 3), ('microscopic', 3)]","[('polymer', 9), ('composite', 7), ('material', 6), ('viscoelasticity', 3), ('couple', 3)]"
Layer_2,19311,FALSE,0,7159,19311,0,2,2,0,,[],"[('microscopic', 5), ('matrix', 3), ('hand', 3), ('macroscopic', 3), ('system', 3), ('side', 3), ('procedure', 2), ('tangent', 2), ('linear', 2), ('operator', 2)]"
Layer_2,16791,TRUE,0,7636,16791,4,2,6,0.6666666666666666,0.6,"[('melt', 12), ('laser', 10), ('powder', 9), ('slm', 6), ('process', 6), ('trace', 5)]","[('experimental', 4), ('layer', 4), ('selective', 4), ('additive', 4)]"
Layer_2,19292,FALSE,0,7636,19292,0,1,1,0,,[],"[('loss', 10), ('function', 10), ('pinn', 4), ('mechanic', 2), ('performance', 2), ('rapid', 1), ('play', 1), ('still', 1), ('network', 1), ('neural', 1)]"
Layer_2,13344,TRUE,0,10582,13344,2,0,2,1,0.6,"[('instability', 6), ('symmetry', 6), ('membrane', 6), ('thin', 4), ('mode', 3), ('stability', 3)]","[('response', 2), ('hyperelastic', 2), ('theory', 2), ('pressure', 2)]"
Layer_2,16455,TRUE,0,10582,16455,6,2,8,0.75,0.2,"[('optimization', 17), ('topology', 14)]","[('process', 8), ('approach', 8), ('cost', 6), ('equivalent', 6), ('design', 6), ('structure', 6), ('stiffness', 5), ('low', 5)]"
Layer_2,19090,TRUE,0,10582,19090,1,0,1,1,0.4,"[('composite', 5), ('xfem', 4), ('layer', 3), ('absorb', 3)]","[('structure', 4), ('dynamic', 3), ('interfacial', 3), ('crack', 3), ('correspond', 2), ('obtain', 2)]"
Layer_2,11292,TRUE,0,10610,11292,4,2,6,0.6666666666666666,0.6,"[('uncertainty', 13), ('stochastic', 10), ('load', 7), ('monte', 6), ('isogeometric', 6), ('carlo', 6)]","[('tire', 10), ('st', 7), ('road', 6), ('spatially', 5)]"
Layer_2,19237,FALSE,0,10610,19237,0,1,1,0,,[],"[('x', 6), ('k', 3), ('u', 3), ('parallel', 3), ('principal', 2), ('matrix', 2), ('stretch', 2), ('modulus', 2), ('positive', 1), ('spectral', 1)]"
Layer_2,14146,TRUE,0,11699,14146,3,2,5,0.6,0.7,"[('strain', 12), ('lock', 10), ('solidshell', 6), ('finite', 5), ('shell', 5), ('natural', 5), ('inhomogeneous', 4)]","[('formulation', 5), ('concept', 3), ('structure', 3)]"
Layer_2,19310,FALSE,0,11699,19310,0,1,1,0,,[],"[('distribution', 8), ('estimate', 7), ('material', 6), ('inverse', 6), ('characterization', 6), ('property', 5), ('response', 5), ('spatial', 4), ('unknown', 4), ('system', 4)]"
Layer_2,19222,FALSE,0,11722,19222,0,4,4,0,,[],"[('metal', 7), ('data', 7), ('pinn', 6), ('process', 5), ('learning', 4), ('physical', 4), ('strain', 4), ('damage', 4), ('training', 4), ('learn', 4)]"
Layer_2,19272,FALSE,0,11722,19272,0,2,2,0,,[],"[('set', 8), ('level', 7), ('interface', 5), ('phase', 5), ('transformation', 3), ('energy', 3), ('regularization', 3), ('evolution', 3), ('shock', 2), ('along', 2)]"
Layer_2,19212,FALSE,0,12021,19212,0,3,3,0,,[],"[('degree', 5), ('freedom', 5), ('nonlinear', 4), ('system', 4), ('steadystate', 3), ('method', 3), ('hybrid', 3), ('approximation', 3), ('difference', 2), ('balance', 2)]"
Layer_2,16938,TRUE,0,13340,16938,0,2,2,0,0,[],"[('computation', 12), ('turbine', 12), ('computational', 6), ('mdm', 6), ('wind', 6), ('st', 5), ('framework', 5), ('multiscale', 4), ('wake', 4), ('stvms', 4)]"
Layer_2,19340,FALSE,0,13340,19340,0,3,3,0,,[],"[('inversion', 6), ('ensemble', 4), ('highfidelity', 4), ('propagation', 3), ('physical', 2), ('parameter', 2), ('brittle', 2), ('property', 2), ('random', 2), ('challenge', 2)]"
Layer_2,19348,FALSE,0,13340,19348,0,1,1,0,,[],"[('pod', 6), ('rom', 5), ('basis', 4), ('interpolation', 4), ('st', 3), ('part', 3), ('temporal', 3), ('matrix', 3), ('value', 3), ('define', 2)]"
Layer_2,13511,TRUE,0,13510,13511,2,1,3,0.6666666666666666,0.7,"[('pd', 17), ('crack', 7), ('xfem', 5), ('methodology', 4), ('fracture', 4), ('couple', 4), ('grid', 3)]","[('computational', 3), ('stabilize', 3), ('propagation', 3)]"
Layer_2,16463,TRUE,0,13510,16463,5,2,7,0.7142857142857143,0.4,"[('size', 16), ('homogenization', 5), ('statistical', 5), ('band', 5)]","[('configuration', 6), ('map', 5), ('arterial', 5), ('estimation', 4), ('target', 4), ('discretization', 4)]"
Layer_2,19158,TRUE,0,13510,19158,1,1,2,0.5,0.5,"[('beam', 21), ('electric', 5), ('deformation', 4), ('electrical', 3), ('potential', 2)]","[('variable', 2), ('influence', 2), ('initial', 2), ('actuator', 2), ('curvature', 2)]"
Layer_2,19234,FALSE,0,13510,19234,0,1,1,0,,[],"[('parameter', 7), ('element', 7), ('discretization', 5), ('st', 4), ('dc', 4), ('computation', 3), ('stabilization', 3), ('flow', 3), ('incompressible', 2), ('navierstokes', 2)]"
Layer_2,19264,FALSE,0,13510,19264,0,2,2,0,,[],"[('composite', 9), ('failure', 7), ('laminate', 7), ('reliability', 6), ('interval', 4), ('system', 4), ('criterion', 3), ('fiber', 3), ('respectively', 2), ('base', 2)]"
Layer_2,17036,TRUE,0,13846,17036,2,1,3,0.6666666666666666,0.7,"[('model', 16), ('uncertainty', 10), ('bayesian', 9), ('prediction', 6), ('observation', 5), ('error', 4), ('performance', 4)]","[('cylindrical', 4), ('polycrystalline', 4), ('dislocation', 3)]"
Layer_2,19229,FALSE,0,13846,19229,0,4,4,0,,[],"[('stability', 7), ('problem', 5), ('constraint', 4), ('matrix', 4), ('artery', 4), ('mass', 4), ('relaxation', 3), ('variant', 3), ('relevant', 3), ('discretize', 2)]"
Layer_2,19273,FALSE,0,14034,19273,0,6,6,0,,[],"[('contact', 24), ('frictional', 5), ('search', 4), ('debonding', 3), ('surface', 3), ('nurbs', 3), ('macroscopic', 3), ('isogeometric', 3), ('large', 3), ('rational', 3)]"
Layer_2,19285,FALSE,0,14034,19285,0,2,2,0,,[],"[('variable', 5), ('incremental', 4), ('internal', 4), ('formulation', 4), ('state', 3), ('hand', 2), ('creep', 2), ('evolution', 2), ('early', 2), ('another', 2)]"
Layer_2,17565,TRUE,0,14075,17565,0,2,2,0,0,[],"[('derivation', 1), ('parameter', 1), ('calibration', 1), ('employ', 1), ('unified', 1), ('finally', 1), ('increment', 1), ('quality', 1), ('solve', 0), ('problem', 0)]"
Layer_2,19036,TRUE,0,14075,19036,1,1,2,0.5,0.2,"[('propagation', 9), ('area', 3)]","[('fracture', 7), ('multiple', 5), ('loss', 3), ('flow', 3), ('fluid', 3), ('couple', 3), ('pressure', 3), ('stabilize', 2)]"
Layer_2,15878,TRUE,0,14197,15878,3,0,3,1,0.6,"[('strain', 13), ('localization', 12), ('plane', 7), ('angle', 6), ('condition', 6), ('plasticity', 6)]","[('stress', 5), ('material', 5), ('plastic', 4), ('orthotropic', 4)]"
Layer_2,16700,TRUE,0,14197,16700,3,0,3,1,0.5,"[('boundary', 11), ('grain', 11), ('slip', 8), ('crystal', 6), ('gradient', 3)]","[('specimen', 3), ('plastic', 3), ('size', 3), ('orientation', 3), ('plasticity', 3)]"
Layer_2,17198,TRUE,0,14197,17198,4,2,6,0.6666666666666666,0.7,"[('fractional', 12), ('order', 10), ('consolidation', 7), ('pore', 5), ('equation', 5), ('diffusion', 5), ('pressure', 4)]","[('peridynamic', 3), ('medium', 3), ('porous', 3)]"
Layer_2,18836,TRUE,0,14466,18836,3,4,7,0.42857142857142855,0.3,"[('macroscopic', 7), ('strategy', 6), ('memory', 5)]","[('material', 10), ('property', 6), ('homogenization', 6), ('composite', 5), ('unit', 5), ('cell', 4), ('compose', 3)]"
Layer_2,19262,FALSE,0,14466,19262,0,1,1,0,,[],"[('unit', 3), ('analytical', 2), ('full', 2), ('network', 2), ('integral', 2), ('error', 2), ('force', 1), ('verification', 1), ('function', 1), ('integration', 1)]"
Layer_2,14585,TRUE,0,14496,14585,5,0,5,1,0.5,"[('optimization', 11), ('two', 9), ('uncertainty', 8), ('space', 5), ('one', 4)]","[('convergence', 5), ('design', 5), ('process', 4), ('adaptive', 4), ('probabilistic', 3)]"
Layer_2,18579,TRUE,0,14496,18579,4,0,4,1,0.7,"[('boundary', 13), ('value', 6), ('continuum', 5), ('functional', 4), ('macroscale', 4), ('treatment', 4), ('initial', 3)]","[('end', 3), ('one', 3), ('solution', 3)]"
Layer_2,19301,FALSE,0,14496,19301,0,1,1,0,,[],"[('fractional', 9), ('function', 8), ('derivative', 6), ('meshfree', 5), ('shape', 4), ('equation', 4), ('trial', 2), ('weight', 2), ('order', 2), ('approximation', 2)]"
Layer_2,19336,FALSE,0,14496,19336,0,1,1,0,,[],"[('microstructures', 3), ('artificial', 3), ('create', 2), ('achieve', 1), ('individual', 1), ('deep', 1), ('four', 1), ('limit', 1), ('another', 1), ('microstructural', 1)]"
Layer_2,19346,FALSE,0,14496,19346,0,1,1,0,,[],"[('system', 5), ('reducedorder', 3), ('thermal', 3), ('fe', 3), ('boundary', 2), ('mechanical', 2), ('tool', 2), ('parametric', 2), ('machine', 2), ('frequency', 2)]"
Layer_2,14986,TRUE,0,14884,14986,1,3,4,0.25,0,[],"[('collocation', 10), ('meshfree', 9), ('least', 8), ('square', 8), ('propose', 7), ('frequency', 7), ('gradient', 6), ('recursive', 6), ('function', 5), ('issue', 3)]"
Layer_2,19332,FALSE,0,14884,19332,0,2,2,0,,[],"[('base', 6), ('structure', 6), ('failure', 5), ('condition', 5), ('plastic', 4), ('load', 4), ('inverse', 4), ('impact', 4), ('deformation', 4), ('final', 4)]"
Layer_2,19338,FALSE,0,14884,19338,0,1,1,0,,[],"[('variation', 2), ('parametric', 2), ('interpolation', 1), ('stability', 1), ('capable', 1), ('parameterized', 1), ('version', 0), ('number', 0), ('online', 0), ('reducedorder', 0)]"
Layer_2,17470,TRUE,0,14942,17470,0,2,2,0,0.2,"[('search', 1), ('contact', 1)]","[('subdomains', 1), ('u', 1), ('enable', 1), ('direction', 1), ('open', 1), ('within', 1), ('frictional', 1), ('implementation', 0)]"
Layer_2,18513,TRUE,0,14942,18513,2,0,2,1,0.8,"[('interaction', 8), ('peridynamics', 6), ('pd', 5), ('nonlocal', 4), ('statebased', 4), ('kinematics', 4), ('continuum', 3), ('original', 3)]","[('differential', 3), ('state', 3)]"
Layer_2,19286,FALSE,0,14942,19286,0,4,4,0,,[],"[('contact', 24), ('surface', 12), ('cohesive', 5), ('line', 5), ('two', 4), ('frictionless', 4), ('beam', 4), ('aspect', 3), ('fcm', 3), ('enforce', 3)]"
Layer_2,19314,FALSE,0,14942,19314,0,1,1,0,,[],"[('train', 8), ('drag', 6), ('shape', 5), ('optimal', 5), ('design', 5), ('car', 2), ('optimization', 2), ('object', 2), ('example', 2), ('determine', 2)]"
Layer_2,19327,FALSE,0,14942,19327,0,2,2,0,,[],"[('gaussian', 3), ('process', 3), ('data', 3), ('parametric', 3), ('capable', 2), ('introduces', 1), ('prediction', 1), ('idea', 1), ('temperature', 1), ('associate', 1)]"
Layer_2,19328,FALSE,0,14942,19328,0,1,1,0,,[],"[('type', 3), ('molecular', 2), ('range', 2), ('related', 1), ('relate', 1), ('equation', 1), ('standard', 1), ('residual', 1), ('rigorous', 1), ('single', 1)]"
Layer_2,16431,TRUE,0,15085,16431,3,0,3,1,0.8,"[('response', 10), ('mechanical', 9), ('structure', 8), ('lattice', 5), ('diagram', 5), ('phase', 4), ('cell', 4), ('unit', 4)]","[('homogenization', 4), ('strain', 4)]"
Layer_2,18088,TRUE,0,15085,18088,2,1,3,0.6666666666666666,0.6,"[('fatigue', 11), ('adhesive', 8), ('damage', 4), ('crack', 4), ('microstructure', 3), ('challenge', 3)]","[('life', 3), ('weight', 2), ('methodology', 2), ('development', 2)]"
Layer_2,18694,TRUE,0,15085,18694,2,0,2,1,0.9,"[('particle', 15), ('property', 5), ('ratio', 5), ('angle', 4), ('orientation', 4), ('electrical', 4), ('core', 3), ('different', 3), ('shell', 3)]","[('force', 3)]"
Layer_2,19077,TRUE,0,15085,19077,1,1,2,0.5,0.1,"[('observe', 3)]","[('shape', 3), ('deformation', 3), ('crystal', 2), ('polymer', 2), ('liquid', 2), ('onto', 2), ('effect', 2), ('incorporate', 2), ('framework', 2)]"
Layer_2,18929,TRUE,0,15479,18929,0,2,2,0,0,[],"[('bem', 11), ('matrix', 10), ('fast', 9), ('new', 7), ('multidomain', 6), ('solve', 5), ('solver', 5), ('hierarchical', 5), ('coefficient', 4), ('element', 3)]"
Layer_2,19032,TRUE,0,15479,19032,4,3,7,0.5714285714285714,0.5,"[('sph', 21), ('surface', 8), ('particle', 8), ('instability', 5), ('mixed', 5)]","[('numerical', 7), ('free', 5), ('tensile', 4), ('weld', 4), ('high', 4)]"
Layer_2,19235,FALSE,0,15479,19235,0,3,3,0,,[],"[('composite', 9), ('constituent', 7), ('stressstrain', 3), ('test', 3), ('macroscopic', 3), ('whose', 2), ('combination', 2), ('individual', 2), ('without', 2), ('characteristic', 2)]"
Layer_2,19283,FALSE,0,15479,19283,0,4,4,0,,[],"[('fiber', 14), ('reinforce', 3), ('orientation', 3), ('heart', 2), ('human', 2), ('reinforcement', 2), ('discrete', 2), ('facilitate', 1), ('effectively', 1), ('conventional', 1)]"
Layer_2,19343,FALSE,0,15479,19343,0,1,1,0,,[],"[('experimental', 7), ('data', 5), ('fracture', 4), ('approach', 4), ('bayesian', 3), ('phasefield', 3), ('online', 2), ('estimation', 2), ('property', 2), ('offline', 2)]"
Layer_2,18573,TRUE,0,15558,18573,1,2,3,0.3333333333333333,0.6,"[('fe', 4), ('behaviour', 4), ('joint', 2), ('assembly', 2), ('friction', 2), ('identification', 2)]","[('scale', 3), ('fine', 2), ('computation', 2), ('tangential', 2)]"
Layer_2,19279,FALSE,0,15558,19279,0,1,1,0,,[],"[('sample', 2), ('largescale', 2), ('implement', 1), ('guide', 1), ('greatly', 1), ('real', 1), ('useful', 1), ('viscoelastic', 1), ('strategy', 1), ('second', 1)]"
Layer_2,19288,FALSE,0,15558,19288,0,2,2,0,,[],"[('failure', 6), ('calculation', 4), ('shape', 3), ('crack', 3), ('lack', 2), ('continuity', 2), ('life', 2), ('open', 2), ('issue', 2), ('velocity', 2)]"
Layer_2,19304,FALSE,0,15558,19304,0,2,2,0,,[],"[('model', 4), ('directional', 4), ('variant', 3), ('state', 2), ('microstructure', 2), ('limit', 2), ('dislocation', 2), ('macroscopic', 2), ('rigorous', 2), ('rate', 2)]"
Layer_2,19307,FALSE,0,15558,19307,0,1,1,0,,[],"[('resolution', 4), ('objective', 2), ('free', 2), ('fix', 2), ('magnetic', 2), ('surround', 2), ('among', 1), ('inside', 1), ('since', 1), ('specifically', 1)]"
Layer_2,19321,FALSE,0,15558,19321,0,1,1,0,,[],"[('crack', 13), ('propagation', 6), ('gradient', 5), ('damage', 5), ('enhance', 4), ('microstructures', 3), ('polycrystalline', 3), ('discrete', 3), ('step', 2), ('set', 2)]"
Layer_2,18688,TRUE,0,16023,18688,2,0,2,1,0.6,"[('condition', 9), ('boundary', 5), ('homogenization', 4), ('body', 3), ('grade', 3), ('function', 3)]","[('stiffness', 2), ('generic', 2), ('manuscript', 2), ('complete', 2)]"
Layer_2,19143,TRUE,0,16023,19143,1,4,5,0.2,0,[],"[('structural', 8), ('print', 5), ('optimization', 4), ('structure', 4), ('stiffness', 3), ('use', 3), ('behavior', 3), ('monolithic', 3), ('hybrid', 3), ('couple', 3)]"
Layer_2,18632,TRUE,0,16916,18632,1,2,3,0.3333333333333333,0.3,"[('approximation', 5), ('curvature', 3), ('formulation', 3)]","[('electric', 5), ('field', 5), ('interpolation', 4), ('magnetic', 4), ('discrete', 3), ('constitutive', 2), ('fem', 2)]"
Layer_2,19308,FALSE,0,16916,19308,0,1,1,0,,[],"[('initially', 1), ('accomplish', 1), ('implementation', 0), ('mesh', 0), ('interface', 0), ('result', 0), ('finite', 0), ('incorporate', 0), ('formulation', 0), ('simulation', 0)]"
Layer_2,17909,TRUE,0,17332,17909,2,2,4,0.5,0.3,"[('object', 3), ('human', 3), ('deformable', 3)]","[('matrix', 3), ('algorithm', 3), ('level', 3), ('interpolation', 2), ('real', 2), ('node', 2), ('requirement', 2)]"
Layer_2,18508,TRUE,0,17332,18508,2,0,2,1,0.9,"[('material', 7), ('additional', 6), ('variable', 4), ('optimization', 4), ('topology', 4), ('evolution', 4), ('phasefield', 3), ('evaluate', 3), ('design', 3)]","[('spatial', 2)]"
Layer_2,18616,TRUE,0,17332,18616,0,1,1,0,0,[],"[('vfm', 8), ('regularization', 5), ('inverse', 5), ('optimization', 2), ('variation', 2), ('also', 2), ('largescale', 2), ('soft', 2), ('knowledge', 1), ('far', 1)]"
Layer_2,19205,FALSE,0,17332,19205,0,2,2,0,,[],"[('level', 5), ('component', 3), ('microstructure', 3), ('information', 3), ('correlation', 2), ('overall', 2), ('tensile', 2), ('composite', 2), ('function', 2), ('probabilistic', 2)]"
Layer_2,19259,FALSE,0,17332,19259,0,1,1,0,,[],"[('stiffness', 3), ('number', 3), ('matrix', 3), ('inplane', 2), ('layer', 2), ('outofplane', 2), ('integral', 2), ('laminate', 2), ('composite', 2), ('split', 1)]"
Layer_2,17511,TRUE,0,17374,17511,3,3,6,0.5,0.6,"[('problem', 15), ('enrichment', 13), ('globallocal', 10), ('gxfem', 10), ('local', 8), ('function', 7)]","[('crack', 11), ('rate', 5), ('along', 4), ('obtain', 4)]"
Layer_2,19329,FALSE,0,17374,19329,0,1,1,0,,[],"[('implementation', 5), ('principal', 4), ('similar', 3), ('stretch', 3), ('equal', 2), ('elasticity', 2), ('subroutine', 1), ('input', 1), ('rubber', 1), ('hyperelasticity', 1)]"
Layer_2,18904,TRUE,0,17602,18904,1,4,5,0.2,0.1,"[('rigid', 4)]","[('mesh', 9), ('configuration', 9), ('application', 5), ('nodal', 5), ('form', 5), ('position', 5), ('target', 4), ('move', 4), ('optimal', 4)]"
Layer_2,18982,TRUE,0,17602,18982,3,2,5,0.6,0.6,"[('method', 15), ('nonlinear', 12), ('cg', 7), ('fast', 5), ('fftbased', 5), ('convolution', 4)]","[('quadrature', 3), ('inverse', 3), ('fourier', 3), ('frequency', 3)]"
Layer_2,19012,TRUE,0,17602,19012,3,1,4,0.75,0.7,"[('order', 13), ('parameterized', 9), ('reduction', 7), ('optimization', 5), ('reduce', 5), ('beam', 3), ('acoustic', 3)]","[('sensitivity', 3), ('projection', 3), ('second', 3)]"
Layer_2,19147,TRUE,0,17602,19147,0,2,2,0,0,[],"[('damage', 10), ('nonlocal', 5), ('strain', 4), ('free', 2), ('comprehensive', 1), ('add', 1), ('instead', 1), ('polygonal', 1), ('within', 1), ('penalty', 1)]"
Layer_2,18589,TRUE,0,17774,18589,3,1,4,0.75,0.4,"[('crack', 10), ('propagation', 4), ('finescale', 3), ('fracture', 3)]","[('mesh', 6), ('hexahedral', 3), ('analyse', 3), ('enrichment', 3), ('momentum', 3), ('front', 2)]"
Layer_2,18677,TRUE,0,17903,18677,5,0,5,1,0.7,"[('crack', 8), ('damage', 6), ('stage', 5), ('mode', 3), ('mesh', 2), ('cyclic', 2), ('poisson', 2)]","[('algorithm', 3), ('porosity', 2), ('element', 1)]"
Layer_2,19330,FALSE,0,17903,19330,0,2,2,0,,[],"[('fracture', 6), ('crack', 6), ('reinforcement', 4), ('effective', 4), ('variable', 3), ('twoscale', 3), ('slip', 3), ('phasefield', 3), ('concrete', 3), ('simulate', 2)]"
Layer_2,18320,TRUE,0,17954,18320,4,2,6,0.6666666666666666,0.6,"[('equation', 12), ('differential', 10), ('fractional', 10), ('mesh', 6), ('rate', 6), ('time', 4)]","[('convergence', 5), ('transform', 4), ('derivative', 4), ('improve', 3)]"
Layer_2,19323,FALSE,0,17954,19323,0,2,2,0,,[],"[('identification', 6), ('real', 4), ('surrogate', 3), ('cardiac', 3), ('formulation', 3), ('simulation', 3), ('shape', 2), ('velocity', 2), ('conduction', 2), ('effort', 2)]"
Layer_2,19109,TRUE,0,18004,19109,0,3,3,0,0,[],"[('model', 7), ('impact', 7), ('plastic', 6), ('friction', 5), ('fluctuation', 4), ('slip', 4), ('stochastic', 4), ('crystal', 3), ('dislocation', 3), ('consistent', 3)]"
Layer_2,19213,FALSE,0,18004,19213,0,1,1,0,,[],"[('constraint', 6), ('point', 4), ('equation', 4), ('one', 3), ('critical', 3), ('another', 3), ('constrain', 2), ('direct', 2), ('set', 1), ('framework', 1)]"
Layer_2,19236,FALSE,0,18004,19236,0,1,1,0,,[],"[('basis', 0), ('sparse', 0), ('optimization', 0), ('particularly', 0), ('socalled', 0), ('propose', 0), ('detection', 0), ('crack', 0), ('introduce', 0), ('near', 0)]"
Layer_2,19009,TRUE,0,18044,19009,0,4,4,0,0,[],"[('function', 7), ('basis', 5), ('multiphysics', 5), ('different', 4), ('moment', 4), ('frequency', 4), ('fit', 3), ('discontinuous', 3), ('simulate', 3), ('scale', 3)]"
Layer_2,19316,FALSE,0,18044,19316,0,1,1,0,,[],"[('stiffness', 10), ('matrix', 9), ('formulation', 8), ('fractional', 7), ('diffusion', 7), ('symmetric', 5), ('element', 5), ('equation', 4), ('conventional', 3), ('band', 3)]"
Layer_2,18866,TRUE,0,18186,18866,0,5,5,0,0,[],"[('fe', 8), ('field', 6), ('displacement', 5), ('signal', 5), ('reduction', 4), ('application', 3), ('macroscale', 3), ('sense', 3), ('pressure', 3), ('show', 2)]"
Layer_2,18496,TRUE,0,18495,18496,2,4,6,0.3333333333333333,0.3,"[('time', 6), ('response', 5), ('plate', 5)]","[('computation', 11), ('tire', 10), ('st', 7), ('strategy', 6), ('highresolution', 6), ('analysis', 5), ('subdomain', 5)]"
Layer_2,19302,FALSE,0,18495,19302,0,1,1,0,,[],"[('contact', 11), ('force', 6), ('nodal', 5), ('function', 5), ('bound', 4), ('fraction', 4), ('first', 3), ('constrain', 2), ('node', 2), ('dimension', 2)]"
Layer_2,19352,FALSE,0,18495,19352,0,1,1,0,,[],"[('rotational', 6), ('beam', 5), ('constraint', 4), ('orientation', 4), ('solid', 4), ('potential', 4), ('degree', 3), ('embed', 3), ('freedom', 3), ('definition', 3)]"
Layer_2,18544,TRUE,0,18543,18544,2,1,3,0.6666666666666666,0.4,"[('incompressible', 4), ('kind', 3), ('robustness', 3), ('nearly', 3)]","[('offer', 2), ('overcome', 2), ('convergence', 2), ('robust', 2), ('meshfree', 2), ('formulation', 2)]"
Layer_2,19334,FALSE,0,18543,19334,0,1,1,0,,[],"[('couple', 7), ('solver', 5), ('parallel', 5), ('fluid', 5), ('structural', 3), ('unstructured', 3), ('process', 3), ('mesh', 2), ('secondorder', 2), ('balance', 2)]"
Layer_2,19337,FALSE,0,18543,19337,0,1,1,0,,[],"[('rkpm', 3), ('refine', 2), ('less', 1), ('research', 1), ('kernel', 1), ('still', 1), ('open', 1), ('elaborate', 1), ('besides', 1), ('onedimensional', 1)]"
Layer_2,19221,FALSE,0,18586,19221,0,2,2,0,,[],"[('turbine', 6), ('blade', 5), ('wind', 4), ('shell', 4), ('structural', 3), ('condition', 3), ('structure', 3), ('dual', 2), ('soil', 2), ('open', 2)]"
Layer_2,19322,FALSE,0,18586,19322,0,3,3,0,,[],"[('creep', 5), ('component', 4), ('plasticity', 4), ('develop', 3), ('represent', 2), ('predict', 2), ('algorithm', 2), ('inelastic', 2), ('play', 1), ('simultaneously', 1)]"
Layer_2,18946,TRUE,0,18709,18946,5,0,5,1,0.6,"[('wave', 14), ('analysis', 7), ('periodic', 6), ('dispersion', 6), ('structure', 6), ('geometry', 4)]","[('fourier', 4), ('surface', 4), ('eigenvalue', 4), ('layer', 4)]"
Layer_2,19185,FALSE,0,18926,19185,0,2,2,0,,[],"[('interface', 11), ('study', 6), ('influence', 5), ('damage', 4), ('electrical', 4), ('property', 3), ('zone', 2), ('cohesive', 2), ('effective', 2), ('development', 2)]"
Layer_2,19318,FALSE,0,18926,19318,0,4,4,0,,[],"[('pore', 9), ('formation', 5), ('explain', 3), ('cast', 3), ('rate', 3), ('thickness', 3), ('identify', 3), ('simulation', 3), ('manufacturing', 2), ('additive', 2)]"
Layer_2,19325,FALSE,0,18926,19325,0,1,1,0,,[],"[('wall', 3), ('rigid', 2), ('patientspecific', 2), ('deformable', 2), ('study', 1), ('many', 1), ('resistance', 1), ('stabilize', 1), ('symmetry', 1), ('spectral', 1)]"
Layer_2,19103,TRUE,0,18983,19103,0,3,3,0,0,[],"[('optimization', 3), ('regularization', 2), ('great', 2), ('resolution', 2), ('composite', 2), ('elastic', 1), ('determine', 1), ('development', 1), ('problem', 1), ('automatic', 1)]"
Layer_2,19295,FALSE,0,18983,19295,0,1,1,0,,[],"[('body', 3), ('physical', 1), ('temporal', 1), ('extension', 1), ('enforce', 1), ('spatial', 1), ('predictive', 1), ('evolve', 1), ('simultaneously', 1), ('dimension', 1)]"
Layer_2,19297,FALSE,0,18983,19297,0,1,1,0,,[],"[('magnetic', 11), ('flow', 5), ('blood', 4), ('within', 4), ('field', 4), ('external', 3), ('particle', 3), ('drug', 3), ('chain', 2), ('handle', 2)]"
